patient_id,patient_name,gender,date_of_birth,city,registration_date
1,Diya Khan,Male,1993-05-10,Mumbai,2023-06-23
2,Vikram Rao,Female,1957-05-30,Pune,2024-11-09
3,Ananya Chopra,Male,1958-09-18,Delhi,2025-07-09
4,Riya Das,Female,1998-06-18,Jaipur,2024-08-16
5,Vihaan Bansal,Male,1955-04-12,Jaipur,2025-10-28
6,Nikhil Gupta,Female,1959-03-11,Bengaluru,2024-07-18
7,Meera Verma,Male,1990-07-19,Jaipur,2022-08-06
8,Sara Kapoor,Female,2013-05-29,Bengaluru,2022-11-27
9,Zoya Nair,Female,1955-01-14,Jaipur,2024-01-14
10,Kavya Chopra,Female,1995-11-26,Chennai,2022-06-11
11,Saanvi Das,Male,1992-10-16,Delhi,2026-04-18
12,Diya Singh,Male,1959-10-25,Mumbai,2023-06-27
13,Kabir Yadav,Male,2006-11-22,Jaipur,2023-02-16
14,Rahul Patel,Female,1991-06-08,Chennai,2024-07-13
15,Kavya Khan,Female,1946-11-21,Hyderabad,2025-04-19
16,Vikram Khan,Female,2008-07-03,Bengaluru,2025-07-16
17,Kavya Das,Male,1974-08-24,Hyderabad,2022-05-26
18,Meera Singh,Female,1956-11-14,Pune,2026-01-21
19,Kavya Singh,Male,1962-01-31,Chennai,2022-07-13
20,Riya Patel,Female,1986-11-25,Bengaluru,2026-02-02
21,Arjun Chopra,Female,1975-06-11,Chennai,2026-06-28
22,Kavya Kapoor,Female,1985-04-01,Mumbai,2022-10-15
23,Ishaan Malhotra,Female,1951-10-07,Chennai,2024-06-26
24,Aditi Yadav,Male,1953-05-15,Hyderabad,2026-03-24
25,Ishaan Shah,Female,1964-03-06,Bengaluru,2024-04-01
26,Ishaan Rao,Female,1980-01-11,Pune,2023-06-28
27,Neha Shah,Male,2010-07-16,Pune,2026-05-24
28,Diya Kapoor,Female,1950-04-01,Bengaluru,2025-04-01
29,Nikhil Chopra,Female,1987-10-11,Delhi,2024-10-26
30,Aditi Verma,Female,1961-09-03,Chennai,2022-05-21
31,Kavya Rao,Female,1996-02-10,Bengaluru,2023-05-20
32,Zoya Das,Female,1997-05-13,Kolkata,2025-03-03
33,Meera Kapoor,Male,1973-03-10,Jaipur,2023-05-04
34,Rahul Iyer,Male,1971-12-01,Kolkata,2024-07-25
35,Ananya Bansal,Female,1995-07-06,Chennai,2022-07-24
36,Vihaan Kapoor,Male,1956-11-19,Chennai,2023-12-16
37,Kavya Patel,Female,1984-04-24,Jaipur,2026-09-04
38,Zoya Verma,Female,2018-04-22,Jaipur,2025-02-09
39,Arjun Iyer,Female,1954-08-09,Delhi,2026-03-01
40,Meera Mehta,Male,2009-05-19,Hyderabad,2023-12-04
41,Meera Verma,Female,2020-11-28,Chennai,2022-04-15
42,Riya Malhotra,Female,1974-12-04,Delhi,2026-04-29
43,Meera Jain,Male,1994-06-30,Mumbai,2025-12-16
44,Vihaan Bansal,Female,2006-12-30,Bengaluru,2022-11-02
45,Priya Yadav,Female,1956-06-08,Jaipur,2022-03-27
46,Priya Chopra,Male,1963-11-06,Hyderabad,2025-10-28
47,Arjun Patel,Male,1981-06-17,Delhi,2025-06-25
48,Kavya Jain,Male,2017-09-27,Mumbai,2022-12-29
49,Aarav Jain,Male,1974-10-21,Mumbai,2026-05-22
50,Kavya Malhotra,Female,2007-12-01,Mumbai,2022-08-10
51,Aditi Singh,Female,2018-04-05,Kolkata,2024-07-31
52,Neha Khan,Female,2004-03-19,Mumbai,2023-01-31
53,Nikhil Malhotra,Male,2014-05-19,Kolkata,2023-07-26
54,Sara Rao,Male,2020-09-09,Kolkata,2025-01-03
55,Aarav Gupta,Male,1968-06-08,Jaipur,2023-01-01
56,Aditi Gupta,Male,1976-01-06,Kolkata,2026-02-01
57,Riya Verma,Female,1996-09-23,Jaipur,2023-01-25
58,Aditi Shah,Female,2017-05-10,Hyderabad,2025-01-07
59,Priya Shah,Female,2004-08-04,Kolkata,2023-11-08
60,Arjun Mehta,Male,2004-10-30,Kolkata,2024-04-16
61,Rahul Mehta,Male,1962-03-19,Mumbai,2024-05-11
62,Ishaan Mehta,Female,2019-10-19,Jaipur,2022-01-01
63,Neha Kapoor,Female,1997-01-12,Kolkata,2025-05-27
64,Rohan Sharma,Female,1964-03-04,Pune,2024-11-12
65,Ishaan Das,Female,2004-07-23,Kolkata,2025-07-20
66,Ananya Khan,Male,1965-02-26,Hyderabad,2026-07-10
67,Diya Bansal,Female,1987-08-18,Chennai,2025-06-05
68,Rohan Shah,Male,1996-08-24,Mumbai,2023-02-03
69,Saanvi Rao,Female,2003-11-10,Bengaluru,2025-11-09
70,Arjun Shah,Female,2017-02-21,Pune,2025-11-26
71,Aditi Yadav,Female,1955-11-21,Delhi,2024-07-23
72,Rohan Verma,Non-binary,1998-06-03,Pune,2023-10-12
73,Zoya Verma,Female,1994-02-25,Delhi,2024-07-02
74,Saanvi Sharma,Female,1967-03-08,Jaipur,2026-09-17
75,Sara Singh,Male,1969-08-21,Chennai,2024-06-19
76,Neha Khan,Female,1973-09-07,Chennai,2025-01-11
77,Diya Iyer,Female,2007-04-05,Hyderabad,2022-11-09
78,Ananya Shah,Female,1993-09-06,Mumbai,2024-08-12
79,Aditi Kapoor,Male,1979-12-11,Bengaluru,2026-04-26
80,Vikram Rao,Female,1976-07-23,Mumbai,2023-09-04
81,Riya Yadav,Male,1993-12-30,Hyderabad,2026-06-27
82,Saanvi Khan,Female,1988-07-27,Mumbai,2022-03-01
83,Nikhil Rao,Male,2020-05-28,Delhi,2024-08-15
84,Zoya Yadav,Female,1980-05-08,Bengaluru,2025-04-27
85,Ananya Shah,Female,1986-06-03,Bengaluru,2023-01-08
86,Meera Rao,Female,1985-10-17,Kolkata,2023-11-01
87,Rahul Malhotra,Male,2019-08-21,Jaipur,2024-05-13
88,Ananya Singh,Female,1993-05-24,Kolkata,2022-04-17
89,Kavya Das,Male,2003-06-22,Bengaluru,2022-03-24
90,Kavya Kapoor,Male,2000-09-28,Hyderabad,2022-11-09
91,Diya Singh,Male,1995-08-07,Pune,2023-03-23
92,Meera Patel,Female,1999-06-25,Chennai,2026-03-12
93,Ishaan Mehta,Female,1947-04-22,Mumbai,2023-10-01
94,Rahul Kapoor,Female,2006-12-17,Hyderabad,2026-08-29
95,Arjun Mehta,Male,1998-11-13,Chennai,2026-07-08
96,Vikram Chopra,Female,1983-06-08,Kolkata,2025-09-16
97,Ananya Verma,Male,1946-02-19,Pune,2024-05-10
98,Arjun Shah,Male,2002-01-08,Pune,2026-08-25
99,Diya Shah,Female,1991-10-23,Jaipur,2025-08-25
100,Zoya Yadav,Male,1986-09-15,Jaipur,2024-06-11
101,Nikhil Khan,Male,1952-10-10,Pune,2023-07-26
102,Kavya Sharma,Male,2004-12-12,Kolkata,2024-02-16
103,Aarav Singh,Male,1961-04-25,Hyderabad,2024-09-25
104,Priya Malhotra,Female,1998-06-26,Jaipur,2025-12-07
105,Vihaan Bansal,Male,1962-02-21,Hyderabad,2022-06-25
106,Riya Singh,Male,1966-07-24,Pune,2025-11-15
107,Saanvi Sharma,Male,1953-05-08,Hyderabad,2023-08-26
108,Rahul Khan,Female,1997-03-05,Pune,2024-01-26
109,Vihaan Verma,Female,2011-12-03,Kolkata,2025-02-01
110,Priya Sharma,Female,1967-07-22,Chennai,2023-04-18
111,Kabir Nair,Female,1993-01-28,Delhi,2026-04-10
112,Kabir Kapoor,Male,1969-10-22,Jaipur,2026-01-23
113,Arjun Kapoor,Female,1977-05-18,Jaipur,2023-01-03
114,Aarav Yadav,Female,1949-01-31,Jaipur,2022-04-22
115,Diya Singh,Female,1946-02-06,Jaipur,2025-03-21
116,Saanvi Singh,Female,1961-07-17,Jaipur,2022-04-16
117,Saanvi Gupta,Male,1980-12-13,Chennai,2024-10-04
118,Vikram Chopra,Female,2017-10-09,Jaipur,2025-02-26
119,Ananya Khan,Female,2013-08-01,Hyderabad,2024-05-02
120,Sara Rao,Female,1984-09-20,Mumbai,2023-09-01
121,Neha Chopra,Male,2011-05-26,Hyderabad,2022-07-23
122,Kabir Malhotra,Male,1959-02-03,Delhi,2023-05-07
123,Vihaan Das,Female,1981-08-26,Pune,2024-07-11
124,Neha Chopra,Female,2008-06-04,Pune,2023-08-03
125,Ananya Khan,Male,2015-09-06,Hyderabad,2026-06-09
126,Riya Gupta,Male,2003-02-07,Jaipur,2022-11-02
127,Diya Das,Female,2016-02-10,Jaipur,2023-09-22
128,Rohan Gupta,Female,1972-04-13,Mumbai,2025-12-04
129,Meera Verma,Male,1984-04-10,Bengaluru,2022-06-14
130,Riya Nair,Male,1947-04-28,Hyderabad,2022-07-07
131,Vikram Bansal,Non-binary,2005-04-25,Jaipur,2026-08-10
132,Vikram Chopra,Male,1960-09-19,Pune,2024-08-21
133,Meera Jain,Non-binary,1984-02-09,Pune,2025-07-24
134,Ananya Singh,Female,1974-11-26,Chennai,2023-10-20
135,Ishaan Nair,Female,1989-06-14,Mumbai,2023-08-14
136,Vihaan Chopra,Female,1973-03-21,Kolkata,2023-06-01
137,Arjun Rao,Male,2019-01-04,Pune,2022-01-03
138,Riya Chopra,Female,1977-06-16,Pune,2025-06-29
139,Rohan Chopra,Female,1994-04-10,Jaipur,2022-09-26
140,Rohan Singh,Female,2001-07-10,Hyderabad,2025-05-31
141,Ishaan Mehta,Male,1994-07-19,Chennai,2024-04-15
142,Kavya Gupta,Female,1955-07-17,Delhi,2025-08-19
143,Saanvi Mehta,Male,1969-07-13,Pune,2024-04-30
144,Saanvi Khan,Female,1957-12-23,Hyderabad,2024-02-25
145,Zoya Verma,Male,1957-04-01,Jaipur,2022-05-23
146,Riya Nair,Male,1990-07-21,Bengaluru,2023-07-02
147,Neha Mehta,Male,1997-01-10,Pune,2025-09-13
148,Diya Sharma,Male,1975-12-19,Mumbai,2023-11-12
149,Rohan Nair,Male,2007-07-30,Mumbai,2023-05-05
150,Kavya Shah,Female,2011-10-24,Mumbai,2024-08-26
151,Rahul Iyer,Male,1948-04-28,Kolkata,2022-09-16
152,Arjun Sharma,Female,1985-12-29,Delhi,2022-02-01
153,Riya Iyer,Female,2015-02-12,Kolkata,2023-06-27
154,Zoya Rao,Male,1974-06-24,Mumbai,2025-10-13
155,Nikhil Singh,Male,1948-03-22,Chennai,2025-06-18
156,Kavya Mehta,Non-binary,2011-12-31,Mumbai,2022-07-05
157,Arjun Gupta,Female,2007-04-07,Bengaluru,2023-09-06
158,Aditi Nair,Male,1971-04-28,Kolkata,2024-01-05
159,Riya Iyer,Female,1981-12-20,Delhi,2025-03-05
160,Ishaan Jain,Female,1979-04-28,Hyderabad,2025-06-23
161,Saanvi Iyer,Female,2002-03-25,Pune,2023-06-05
162,Meera Bansal,Male,1986-09-28,Delhi,2023-08-13
163,Ananya Sharma,Male,1997-09-18,Mumbai,2023-09-05
164,Meera Sharma,Male,1962-11-15,Pune,2024-02-27
165,Arjun Khan,Female,1977-03-16,Jaipur,2025-03-23
166,Neha Bansal,Male,2004-01-20,Jaipur,2024-03-21
167,Aarav Chopra,Male,2011-11-08,Jaipur,2024-10-14
168,Kavya Patel,Female,1962-01-22,Jaipur,2025-06-25
169,Diya Gupta,Male,2002-12-27,Jaipur,2022-03-22
170,Rohan Chopra,Male,2010-09-14,Chennai,2022-09-27
171,Neha Nair,Male,1960-10-04,Delhi,2023-02-16
172,Vihaan Patel,Male,1969-06-14,Delhi,2026-08-28
173,Meera Singh,Male,1971-06-25,Kolkata,2026-03-09
174,Arjun Sharma,Male,1957-08-18,Hyderabad,2026-03-25
175,Rahul Yadav,Female,2015-12-09,Bengaluru,2024-03-19
176,Meera Yadav,Female,1978-01-25,Jaipur,2025-10-09
177,Vikram Rao,Male,1978-04-30,Hyderabad,2022-08-10
178,Saanvi Bansal,Male,1995-05-15,Hyderabad,2023-11-03
179,Ananya Sharma,Male,1972-02-11,Mumbai,2025-08-22
180,Arjun Iyer,Female,1948-05-04,Pune,2023-09-16
181,Arjun Gupta,Female,1993-03-24,Mumbai,2022-10-05
182,Rohan Patel,Male,2011-09-03,Mumbai,2025-11-27
183,Vikram Iyer,Male,2003-10-04,Pune,2022-07-22
184,Zoya Shah,Male,1970-02-05,Kolkata,2022-03-09
185,Kabir Sharma,Female,1966-03-08,Chennai,2024-01-13
186,Priya Yadav,Male,2002-11-07,Bengaluru,2024-01-05
187,Rahul Malhotra,Female,1955-12-17,Pune,2026-08-15
188,Ananya Kapoor,Male,1998-07-29,Bengaluru,2022-02-13
189,Nikhil Khan,Non-binary,2015-08-09,Hyderabad,2025-03-02
190,Ananya Yadav,Female,1964-05-17,Hyderabad,2026-07-24
191,Nikhil Iyer,Male,1998-06-21,Jaipur,2022-01-06
192,Diya Iyer,Male,2016-08-21,Chennai,2022-12-24
193,Aarav Iyer,Female,2015-11-16,Hyderabad,2026-06-03
194,Vikram Nair,Female,1968-10-22,Delhi,2022-04-18
195,Riya Verma,Female,1950-09-14,Pune,2024-09-02
196,Priya Verma,Male,1985-07-21,Hyderabad,2024-10-28
197,Zoya Chopra,Male,2004-02-11,Jaipur,2024-12-03
198,Rohan Bansal,Female,1987-12-22,Mumbai,2024-04-02
199,Arjun Singh,Male,1984-10-17,Chennai,2022-05-31
200,Nikhil Iyer,Female,1969-09-03,Kolkata,2025-07-02
201,Rahul Verma,Female,1990-05-10,Mumbai,2025-05-24
202,Arjun Gupta,Male,2003-05-26,Hyderabad,2026-04-24
203,Riya Sharma,Male,1982-02-15,Pune,2023-11-26
204,Rahul Shah,Male,1973-01-15,Kolkata,2024-05-24
205,Meera Patel,Male,2006-08-14,Chennai,2024-08-29
206,Ananya Das,Female,1953-08-31,Kolkata,2026-03-05
207,Diya Yadav,Female,1995-05-21,Kolkata,2025-02-24
208,Arjun Shah,Female,2004-09-09,Mumbai,2026-03-17
209,Aditi Mehta,Male,1976-07-19,Hyderabad,2022-08-01
210,Diya Singh,Female,1954-09-17,Kolkata,2023-12-19
211,Arjun Malhotra,Male,2017-06-03,Bengaluru,2024-05-28
212,Zoya Malhotra,Female,1969-07-08,Jaipur,2025-12-10
213,Nikhil Patel,Female,1957-11-08,Mumbai,2025-03-05
214,Ananya Iyer,Male,1947-10-02,Hyderabad,2022-07-07
215,Rahul Shah,Female,1959-02-14,Jaipur,2024-01-28
216,Nikhil Das,Male,1958-12-17,Bengaluru,2022-11-19
217,Ananya Malhotra,Female,1983-01-16,Pune,2024-09-21
218,Riya Malhotra,Female,1990-12-19,Kolkata,2022-08-22
219,Riya Gupta,Female,2005-11-14,Pune,2025-04-29
220,Sara Mehta,Female,1980-06-17,Bengaluru,2025-05-12
221,Aarav Kapoor,Female,1963-12-14,Delhi,2026-04-21
222,Meera Mehta,Female,1945-09-11,Mumbai,2024-10-15
223,Ishaan Iyer,Female,2008-02-17,Kolkata,2023-04-17
224,Ananya Rao,Male,1948-10-18,Bengaluru,2024-06-12
225,Rohan Das,Male,1996-08-27,Mumbai,2024-05-29
226,Riya Mehta,Female,1946-11-15,Delhi,2023-10-28
227,Zoya Sharma,Male,1977-06-19,Mumbai,2022-06-30
228,Arjun Khan,Female,1980-12-04,Chennai,2024-12-09
229,Rahul Mehta,Male,1964-11-17,Delhi,2023-11-14
230,Ananya Verma,Male,1992-08-08,Hyderabad,2024-11-10
231,Priya Patel,Male,2018-06-22,Delhi,2025-08-14
232,Kavya Gupta,Female,1962-09-13,Delhi,2022-12-22
233,Ananya Jain,Male,2001-05-03,Pune,2024-10-08
234,Vikram Sharma,Male,1995-08-24,Kolkata,2025-08-09
235,Nikhil Iyer,Female,1987-01-26,Jaipur,2024-06-24
236,Meera Chopra,Female,1951-08-29,Pune,2023-09-28
237,Rohan Chopra,Female,2019-08-14,Chennai,2023-08-11
238,Ananya Verma,Female,1997-01-24,Bengaluru,2025-02-09
239,Rohan Kapoor,Female,1987-09-03,Delhi,2024-10-23
240,Aditi Sharma,Female,2020-02-16,Chennai,2023-12-05
241,Sara Jain,Female,2008-06-26,Pune,2024-06-15
242,Sara Verma,Male,1977-08-25,Jaipur,2024-02-03
243,Rahul Shah,Male,2005-11-28,Bengaluru,2025-05-09
244,Nikhil Das,Female,1995-01-22,Mumbai,2025-10-21
245,Neha Malhotra,Male,2003-11-27,Delhi,2025-05-19
246,Nikhil Das,Male,1957-09-09,Jaipur,2023-12-18
247,Rahul Iyer,Male,1952-08-08,Mumbai,2023-09-27
248,Nikhil Iyer,Male,2019-05-16,Chennai,2026-02-22
249,Riya Verma,Female,1977-07-13,Delhi,2023-09-25
250,Kabir Nair,Male,1988-08-17,Hyderabad,2023-01-29
251,Diya Iyer,Female,2020-10-04,Chennai,2026-06-03
252,Sara Yadav,Male,1992-03-28,Kolkata,2022-03-19
253,Zoya Iyer,Male,1958-11-03,Delhi,2022-11-29
254,Zoya Jain,Male,1948-12-02,Kolkata,2024-04-21
255,Kavya Sharma,Male,2012-07-02,Pune,2026-03-14
256,Kavya Yadav,Female,2017-07-18,Pune,2026-05-26
257,Kabir Patel,Male,1996-03-05,Pune,2024-06-21
258,Neha Rao,Male,1982-07-24,Hyderabad,2022-11-28
259,Zoya Iyer,Male,1949-09-06,Pune,2025-08-06
260,Priya Yadav,Male,2008-10-28,Chennai,2026-09-29
261,Neha Das,Male,1969-06-22,Delhi,2024-07-09
262,Riya Das,Male,1964-12-02,Pune,2026-07-31
263,Priya Bansal,Female,1980-07-27,Kolkata,2024-10-25
264,Kavya Rao,Non-binary,1978-08-21,Bengaluru,2023-04-05
265,Nikhil Gupta,Male,2003-04-24,Delhi,2023-11-18
266,Diya Chopra,Female,2019-06-11,Delhi,2024-08-25
267,Saanvi Sharma,Male,1952-02-10,Jaipur,2022-02-08
268,Kabir Iyer,Male,2010-03-31,Mumbai,2025-05-31
269,Arjun Mehta,Female,1955-12-07,Hyderabad,2022-04-08
270,Riya Sharma,Female,2020-01-24,Bengaluru,2024-10-20
271,Sara Khan,Male,1971-02-18,Bengaluru,2024-05-29
272,Zoya Patel,Female,1982-05-17,Chennai,2023-01-19
273,Sara Patel,Female,1992-03-12,Bengaluru,2025-01-19
274,Rahul Singh,Female,1979-09-17,Jaipur,2024-02-04
275,Aarav Patel,Male,1975-12-08,Chennai,2023-05-09
276,Vikram Nair,Female,1976-08-10,Kolkata,2025-01-23
277,Ishaan Sharma,Non-binary,1987-12-07,Delhi,2025-07-17
278,Diya Das,Male,1986-01-23,Jaipur,2022-03-17
279,Kabir Chopra,Male,1948-10-05,Jaipur,2023-10-09
280,Sara Rao,Non-binary,1993-09-20,Jaipur,2024-08-27
281,Aditi Kapoor,Female,2015-01-20,Kolkata,2022-04-08
282,Meera Gupta,Male,1984-03-15,Pune,2024-03-30
283,Rahul Nair,Male,1989-07-08,Pune,2025-11-18
284,Priya Verma,Female,1952-05-31,Mumbai,2026-01-29
285,Ananya Shah,Male,2018-10-11,Jaipur,2023-01-05
286,Nikhil Gupta,Female,2004-04-18,Jaipur,2023-08-29
287,Rohan Shah,Female,1984-10-28,Pune,2023-12-21
288,Aditi Patel,Male,1984-01-09,Bengaluru,2023-07-17
289,Ananya Rao,Female,2016-11-14,Delhi,2026-03-16
290,Aarav Iyer,Male,2005-11-01,Pune,2026-05-20
291,Aditi Iyer,Female,2014-11-05,Kolkata,2025-08-14
292,Priya Rao,Male,1947-11-28,Delhi,2025-05-24
293,Rohan Patel,Female,2013-06-17,Delhi,2022-06-07
294,Sara Patel,Female,2003-04-11,Hyderabad,2023-07-25
295,Arjun Bansal,Male,1989-10-09,Mumbai,2024-11-26
296,Vihaan Gupta,Female,1968-05-09,Pune,2025-12-12
297,Kabir Mehta,Male,1989-01-25,Chennai,2023-02-14
298,Diya Das,Female,2008-12-31,Chennai,2024-06-30
299,Nikhil Patel,Male,1994-05-06,Jaipur,2025-01-15
300,Neha Jain,Male,2007-10-27,Delhi,2025-07-30
301,Priya Verma,Female,1963-01-12,Delhi,2026-06-11
302,Kavya Singh,Female,1994-09-15,Kolkata,2025-03-18
303,Rohan Yadav,Female,1952-09-26,Jaipur,2022-05-15
304,Rahul Singh,Male,2014-01-02,Chennai,2024-04-18
305,Diya Nair,Male,1985-05-15,Kolkata,2024-08-12
306,Diya Yadav,Male,1961-04-29,Delhi,2026-04-22
307,Riya Verma,Male,1949-12-21,Chennai,2026-08-30
308,Sara Iyer,Female,1959-07-14,Hyderabad,2023-10-23
309,Priya Verma,Male,2020-11-22,Jaipur,2022-06-11
310,Kabir Yadav,Female,2001-01-27,Chennai,2023-09-13
311,Sara Jain,Male,1997-02-03,Delhi,2022-11-12
312,Zoya Nair,Male,1995-07-26,Bengaluru,2022-03-26
313,Ananya Chopra,Male,2014-03-04,Jaipur,2025-03-27
314,Kabir Shah,Male,1947-09-20,Jaipur,2024-10-16
315,Neha Singh,Female,2017-06-07,Mumbai,2025-11-03
316,Neha Sharma,Female,1950-05-18,Pune,2022-11-20
317,Riya Singh,Female,1975-07-10,Delhi,2025-05-27
318,Nikhil Nair,Male,1975-12-27,Delhi,2024-03-27
319,Priya Verma,Male,1973-08-18,Pune,2023-05-11
320,Arjun Malhotra,Female,1957-08-22,Bengaluru,2022-07-18
321,Neha Rao,Male,1982-07-07,Delhi,2023-05-24
322,Nikhil Nair,Female,1959-04-19,Pune,2024-10-17
323,Saanvi Mehta,Male,1953-01-29,Pune,2024-03-16
324,Kavya Kapoor,Male,1949-05-14,Jaipur,2022-04-14
325,Saanvi Singh,Female,1945-09-25,Mumbai,2022-08-09
326,Diya Malhotra,Male,2013-07-13,Kolkata,2024-04-05
327,Aditi Rao,Female,1995-05-28,Kolkata,2023-02-03
328,Vihaan Mehta,Female,1990-03-29,Jaipur,2024-07-11
329,Zoya Gupta,Female,1953-09-04,Kolkata,2024-03-17
330,Nikhil Yadav,Male,2012-09-24,Hyderabad,2022-10-23
331,Zoya Verma,Female,1948-08-12,Bengaluru,2022-04-03
332,Diya Nair,Male,1991-08-05,Delhi,2024-07-24
333,Zoya Verma,Female,2000-01-02,Delhi,2023-10-15
334,Rahul Mehta,Male,1990-07-07,Pune,2026-08-24
335,Vikram Mehta,Female,1946-06-30,Kolkata,2024-01-25
336,Arjun Shah,Male,2016-06-25,Bengaluru,2026-01-25
337,Zoya Singh,Female,2003-10-26,Hyderabad,2026-05-23
338,Aditi Singh,Female,2001-06-07,Mumbai,2026-01-16
339,Diya Khan,Female,2007-11-06,Hyderabad,2022-08-14
340,Aarav Sharma,Female,1958-08-03,Hyderabad,2024-04-25
341,Riya Verma,Male,1987-04-24,Bengaluru,2026-02-15
342,Diya Verma,Female,1974-03-01,Pune,2025-09-18
343,Sara Rao,Female,1960-07-15,Kolkata,2024-07-30
344,Vihaan Patel,Male,2009-09-05,Jaipur,2025-10-26
345,Zoya Singh,Female,1967-02-12,Jaipur,2023-07-26
346,Kavya Mehta,Male,2008-03-29,Pune,2023-03-01
347,Nikhil Singh,Female,2016-05-11,Jaipur,2026-01-17
348,Neha Gupta,Male,1993-09-25,Mumbai,2024-02-17
349,Priya Iyer,Female,1970-10-22,Chennai,2026-01-02
350,Priya Sharma,Male,2012-01-18,Hyderabad,2024-09-08
351,Kabir Yadav,Female,1995-06-04,Jaipur,2025-11-26
352,Diya Gupta,Male,1997-08-25,Hyderabad,2023-05-06
353,Aditi Verma,Female,1965-11-21,Chennai,2022-04-18
354,Riya Nair,Male,1954-01-08,Delhi,2025-10-27
355,Aarav Yadav,Male,1959-03-04,Pune,2024-04-13
356,Saanvi Kapoor,Male,1970-10-09,Jaipur,2023-10-20
357,Aditi Das,Male,1965-11-01,Bengaluru,2024-12-31
358,Ishaan Shah,Male,1960-10-09,Mumbai,2022-03-16
359,Saanvi Jain,Male,1970-12-21,Bengaluru,2022-03-18
360,Neha Gupta,Male,1975-01-22,Pune,2023-08-06
361,Vihaan Verma,Male,1957-01-15,Pune,2024-10-29
362,Meera Kapoor,Male,1974-09-01,Pune,2022-11-29
363,Meera Jain,Female,1975-03-31,Jaipur,2026-06-08
364,Vikram Kapoor,Female,2002-04-21,Mumbai,2024-04-10
365,Sara Nair,Female,2005-01-16,Delhi,2022-07-15
366,Diya Singh,Female,1967-04-04,Jaipur,2022-01-14
367,Rahul Khan,Female,1968-12-14,Jaipur,2023-11-07
368,Vikram Bansal,Female,1977-04-04,Hyderabad,2025-11-19
369,Aditi Gupta,Female,1959-05-01,Jaipur,2024-04-10
370,Arjun Mehta,Female,1964-10-24,Delhi,2023-03-25
371,Saanvi Iyer,Female,1999-05-06,Mumbai,2024-02-05
372,Vihaan Singh,Male,2016-12-13,Hyderabad,2025-09-22
373,Kavya Das,Male,1992-05-21,Kolkata,2025-12-12
374,Ananya Gupta,Female,1994-02-18,Hyderabad,2024-11-01
375,Vikram Yadav,Female,1974-06-09,Pune,2024-12-01
376,Arjun Kapoor,Male,1988-11-08,Pune,2022-07-06
377,Aditi Sharma,Female,1982-04-09,Bengaluru,2024-07-24
378,Vihaan Sharma,Male,1972-08-25,Bengaluru,2026-01-21
379,Rahul Malhotra,Male,2011-11-29,Chennai,2023-03-23
380,Aditi Shah,Female,1950-09-21,Bengaluru,2025-01-13
381,Ananya Singh,Female,1981-09-06,Delhi,2023-01-04
382,Riya Patel,Non-binary,1979-04-26,Mumbai,2024-07-07
383,Rahul Das,Male,2004-05-16,Delhi,2025-01-09
384,Priya Gupta,Female,1993-03-14,Delhi,2024-03-15
385,Kavya Bansal,Male,1971-10-08,Mumbai,2024-08-06
386,Vihaan Rao,Male,1967-03-17,Kolkata,2024-08-01
387,Diya Malhotra,Female,2010-01-17,Chennai,2026-04-17
388,Aditi Shah,Male,1946-05-28,Hyderabad,2023-05-08
389,Ananya Gupta,Male,1985-01-19,Bengaluru,2025-05-09
390,Kavya Chopra,Female,1966-01-09,Hyderabad,2025-01-10
391,Aditi Iyer,Male,1970-12-14,Kolkata,2023-04-25
392,Vikram Nair,Female,1957-11-08,Hyderabad,2025-09-14
393,Riya Mehta,Female,1994-12-12,Delhi,2025-04-26
394,Riya Yadav,Male,1975-11-25,Mumbai,2025-08-10
395,Sara Nair,Male,1981-08-17,Jaipur,2022-11-02
396,Rahul Jain,Male,1987-06-26,Hyderabad,2023-05-09
397,Neha Iyer,Male,1950-03-04,Mumbai,2025-02-25
398,Riya Yadav,Male,1979-11-06,Jaipur,2023-05-13
399,Kabir Nair,Male,1985-05-09,Chennai,2024-01-30
400,Vihaan Kapoor,Female,1978-11-03,Bengaluru,2025-10-11
401,Ananya Kapoor,Male,1997-09-18,Hyderabad,2026-01-23
402,Saanvi Kapoor,Male,1974-11-15,Bengaluru,2023-09-13
403,Kabir Kapoor,Male,1955-07-12,Pune,2026-03-10
404,Kavya Kapoor,Female,1966-06-22,Kolkata,2025-02-04
405,Neha Rao,Female,2003-03-15,Jaipur,2024-01-06
406,Meera Patel,Male,1989-08-12,Chennai,2024-08-12
407,Saanvi Nair,Male,1978-04-05,Mumbai,2023-10-03
408,Aditi Khan,Male,1946-06-16,Mumbai,2023-06-19
409,Neha Iyer,Female,1965-08-21,Hyderabad,2024-02-17
410,Saanvi Yadav,Male,2006-06-11,Jaipur,2023-11-23
411,Saanvi Singh,Female,2010-09-28,Kolkata,2026-06-17
412,Ishaan Iyer,Male,1988-10-23,Bengaluru,2023-01-12
413,Sara Chopra,Male,1951-09-02,Bengaluru,2026-08-03
414,Aarav Shah,Female,2001-08-01,Chennai,2023-04-19
415,Diya Bansal,Female,1985-11-29,Bengaluru,2024-02-04
416,Zoya Singh,Male,1946-05-31,Mumbai,2022-01-14
417,Aarav Bansal,Male,1969-08-25,Jaipur,2025-01-02
418,Aarav Verma,Male,2005-06-21,Delhi,2024-05-31
419,Arjun Gupta,Male,1966-08-15,Jaipur,2023-01-29
420,Priya Malhotra,Male,1952-02-03,Mumbai,2024-02-04
421,Rohan Khan,Non-binary,1965-04-06,Chennai,2023-09-07
422,Aditi Das,Female,1978-11-03,Pune,2025-02-05
423,Aditi Bansal,Male,1952-06-02,Mumbai,2024-10-20
424,Nikhil Gupta,Male,1948-10-26,Hyderabad,2023-04-16
425,Vikram Singh,Female,1951-09-03,Jaipur,2025-11-02
426,Vihaan Chopra,Female,1973-03-20,Hyderabad,2022-02-02
427,Vikram Iyer,Male,2008-12-10,Mumbai,2026-08-09
428,Ananya Mehta,Female,1966-07-29,Mumbai,2025-03-06
429,Vihaan Nair,Female,2011-05-14,Chennai,2022-10-14
430,Sara Patel,Female,1984-03-19,Chennai,2023-04-21
431,Nikhil Rao,Male,1974-04-13,Jaipur,2022-03-02
432,Rohan Singh,Female,1994-08-13,Mumbai,2024-02-08
433,Ishaan Rao,Female,2000-07-01,Hyderabad,2023-08-28
434,Ananya Das,Female,1979-02-03,Delhi,2025-12-28
435,Rahul Nair,Female,1953-03-18,Jaipur,2022-01-11
436,Rohan Patel,Male,1954-03-04,Chennai,2022-09-29
437,Ishaan Shah,Female,1994-10-08,Mumbai,2024-11-15
438,Arjun Bansal,Female,1994-09-21,Kolkata,2022-07-10
439,Rahul Bansal,Female,1979-10-17,Chennai,2026-05-15
440,Vihaan Khan,Male,1960-03-19,Mumbai,2025-11-04
441,Ishaan Iyer,Female,1969-01-30,Delhi,2024-10-06
442,Ananya Jain,Female,1982-10-12,Pune,2023-09-06
443,Ananya Patel,Female,1967-02-15,Pune,2026-01-16
444,Zoya Kapoor,Female,1957-02-26,Bengaluru,2023-09-16
445,Rahul Nair,Male,1979-01-31,Kolkata,2026-07-05
446,Rohan Nair,Female,2018-11-19,Delhi,2025-08-26
447,Neha Nair,Male,2007-05-19,Pune,2023-02-16
448,Nikhil Jain,Male,1973-08-19,Pune,2023-08-20
449,Vikram Khan,Female,1970-02-23,Mumbai,2026-07-31
450,Priya Gupta,Male,1962-12-05,Delhi,2025-04-27
451,Vihaan Bansal,Male,1986-06-01,Hyderabad,2025-12-21
452,Rohan Mehta,Male,1951-03-17,Mumbai,2026-08-05
453,Saanvi Iyer,Male,1966-09-18,Delhi,2023-06-02
454,Riya Rao,Female,1998-08-24,Mumbai,2024-09-08
455,Vihaan Verma,Male,2007-01-21,Bengaluru,2024-05-06
456,Priya Yadav,Male,1952-08-16,Hyderabad,2022-08-12
457,Priya Jain,Male,1948-12-22,Mumbai,2025-02-27
458,Nikhil Shah,Female,1953-11-06,Hyderabad,2023-06-14
459,Sara Verma,Male,2006-09-11,Hyderabad,2025-03-24
460,Rohan Patel,Female,2014-04-17,Delhi,2025-10-23
461,Priya Bansal,Female,1971-07-04,Chennai,2024-05-01
462,Arjun Iyer,Female,1975-10-12,Hyderabad,2024-07-21
463,Sara Singh,Female,1953-10-04,Pune,2024-06-16
464,Nikhil Das,Female,2017-09-08,Chennai,2025-12-26
465,Aarav Nair,Male,2005-10-01,Delhi,2026-06-27
466,Kavya Verma,Female,1959-05-15,Mumbai,2023-11-09
467,Rohan Khan,Male,2001-07-01,Delhi,2023-01-13
468,Riya Rao,Female,2000-02-05,Pune,2023-02-09
469,Vikram Shah,Female,2008-03-23,Hyderabad,2023-03-16
470,Meera Das,Male,2016-09-23,Delhi,2025-01-04
471,Priya Nair,Female,1955-03-24,Pune,2023-06-22
472,Sara Nair,Male,1999-11-05,Chennai,2024-03-14
473,Priya Patel,Male,2000-05-21,Jaipur,2022-12-20
474,Zoya Das,Male,1973-02-05,Hyderabad,2022-08-30
475,Neha Gupta,Female,2007-03-19,Mumbai,2022-10-17
476,Riya Iyer,Male,1982-12-15,Pune,2023-01-16
477,Vihaan Jain,Male,1988-12-05,Delhi,2023-08-15
478,Ishaan Nair,Male,2000-07-27,Kolkata,2022-04-20
479,Aarav Singh,Female,2018-02-19,Pune,2024-02-26
480,Riya Singh,Female,2020-05-08,Pune,2024-06-28
481,Ishaan Das,Male,2016-05-27,Hyderabad,2026-04-08
482,Neha Chopra,Female,1993-03-26,Delhi,2023-08-15
483,Rohan Singh,Male,1955-02-27,Chennai,2025-03-18
484,Meera Yadav,Male,1977-11-30,Bengaluru,2025-01-15
485,Rohan Yadav,Female,1983-02-22,Hyderabad,2022-07-29
486,Neha Chopra,Female,1976-04-10,Chennai,2026-07-31
487,Rohan Gupta,Male,1966-04-05,Kolkata,2023-03-06
488,Zoya Shah,Female,1957-06-29,Hyderabad,2026-05-27
489,Kabir Chopra,Male,1992-10-02,Delhi,2023-07-30
490,Nikhil Mehta,Female,1968-12-26,Chennai,2024-11-19
491,Diya Shah,Male,1969-11-18,Delhi,2025-09-05
492,Diya Khan,Female,1973-11-24,Hyderabad,2026-08-24
493,Rahul Singh,Female,2001-09-26,Mumbai,2023-07-05
494,Rahul Sharma,Female,2016-04-15,Chennai,2026-04-24
495,Rahul Verma,Male,2007-04-30,Pune,2024-01-26
496,Saanvi Nair,Male,2014-06-14,Chennai,2026-02-09
497,Rohan Patel,Male,2016-05-20,Mumbai,2024-12-30
498,Kabir Shah,Male,1989-05-20,Kolkata,2023-07-04
499,Neha Nair,Male,1956-09-19,Pune,2025-03-05
500,Nikhil Chopra,Female,2001-03-06,Pune,2026-05-25
501,Aarav Gupta,Male,1959-03-05,Pune,2024-06-22
502,Aarav Shah,Female,2006-10-11,Jaipur,2022-09-28
503,Ishaan Malhotra,Female,1977-05-03,Chennai,2023-05-28
504,Priya Jain,Female,2001-02-15,Hyderabad,2023-09-18
505,Riya Das,Male,1945-02-05,Pune,2023-03-14
506,Ananya Iyer,Male,1991-08-09,Pune,2025-10-24
507,Aarav Bansal,Male,2018-04-23,Mumbai,2022-09-04
508,Diya Singh,Female,1979-05-15,Chennai,2022-07-02
509,Arjun Nair,Female,1971-11-06,Mumbai,2022-10-08
510,Diya Iyer,Female,1995-07-15,Delhi,2022-01-18
511,Rohan Patel,Male,2001-05-07,Delhi,2026-03-13
512,Riya Sharma,Male,1952-10-11,Delhi,2022-07-25
513,Arjun Rao,Female,1983-07-11,Delhi,2023-10-07
514,Kavya Malhotra,Male,1967-04-07,Jaipur,2025-02-07
515,Aarav Mehta,Female,1999-06-14,Hyderabad,2024-11-09
516,Rahul Mehta,Male,2015-04-27,Hyderabad,2026-06-14
517,Saanvi Rao,Female,1989-10-27,Chennai,2025-07-30
518,Sara Bansal,Non-binary,1973-05-24,Mumbai,2022-09-28
519,Vikram Shah,Female,2006-04-09,Pune,2022-12-20
520,Ananya Bansal,Male,1946-03-28,Hyderabad,2023-06-21
521,Aditi Chopra,Male,1980-09-14,Jaipur,2024-11-03
522,Sara Shah,Female,1981-02-02,Delhi,2022-06-18
523,Meera Das,Female,1990-11-15,Delhi,2023-02-21
524,Vihaan Nair,Female,2001-11-27,Chennai,2026-04-13
525,Neha Shah,Male,2020-12-10,Bengaluru,2023-05-04
526,Kavya Das,Male,1955-05-29,Bengaluru,2024-07-17
527,Neha Jain,Female,2008-07-05,Bengaluru,2022-10-09
528,Ishaan Singh,Male,1991-12-03,Jaipur,2024-11-25
529,Ishaan Patel,Female,2015-01-29,Chennai,2023-07-05
530,Aarav Nair,Male,1969-05-27,Chennai,2024-12-08
531,Meera Das,Male,1990-10-29,Bengaluru,2024-01-08
532,Saanvi Jain,Female,1967-11-21,Chennai,2026-05-03
533,Vikram Gupta,Female,1990-08-26,Bengaluru,2022-01-06
534,Aarav Khan,Female,1977-08-27,Delhi,2024-02-24
535,Ishaan Chopra,Male,2009-01-22,Mumbai,2026-02-25
536,Kavya Nair,Female,2009-08-15,Jaipur,2023-10-18
537,Ananya Patel,Female,2005-05-29,Delhi,2022-04-18
538,Kavya Verma,Non-binary,1980-12-20,Pune,2022-05-22
539,Neha Mehta,Female,1994-08-15,Bengaluru,2024-07-24
540,Priya Kapoor,Female,2015-05-20,Hyderabad,2023-09-15
541,Rohan Patel,Male,1989-04-06,Hyderabad,2026-05-02
542,Vihaan Khan,Female,1981-10-15,Hyderabad,2022-02-18
543,Vihaan Patel,Male,2007-03-20,Kolkata,2022-01-20
544,Aarav Rao,Male,2010-03-30,Chennai,2023-09-22
545,Kabir Verma,Non-binary,1982-08-31,Bengaluru,2024-10-04
546,Diya Malhotra,Female,1965-10-07,Mumbai,2026-09-28
547,Priya Sharma,Male,1952-08-14,Chennai,2025-04-04
548,Sara Iyer,Male,1980-05-19,Bengaluru,2022-06-03
549,Riya Iyer,Female,1968-06-01,Mumbai,2023-10-08
550,Nikhil Nair,Female,1965-12-16,Hyderabad,2022-06-02
551,Diya Gupta,Female,1959-10-01,Pune,2024-07-09
552,Nikhil Shah,Female,1977-02-22,Hyderabad,2026-04-27
553,Rohan Mehta,Female,1955-10-05,Delhi,2022-07-05
554,Neha Chopra,Female,1974-05-30,Chennai,2022-10-31
555,Kavya Patel,Female,1949-05-24,Jaipur,2025-10-18
556,Meera Jain,Female,1981-04-13,Hyderabad,2024-07-15
557,Arjun Sharma,Female,2016-03-20,Chennai,2022-10-14
558,Aarav Chopra,Male,1964-12-10,Hyderabad,2022-09-25
559,Rahul Patel,Male,2002-11-03,Jaipur,2022-06-22
560,Ananya Bansal,Non-binary,1962-09-28,Pune,2025-08-15
561,Diya Das,Male,2019-05-29,Kolkata,2026-07-15
562,Arjun Chopra,Male,1949-07-18,Mumbai,2022-12-11
563,Rahul Singh,Female,2006-04-18,Delhi,2024-05-23
564,Priya Kapoor,Male,1969-09-02,Pune,2023-07-28
565,Diya Chopra,Male,2000-05-09,Jaipur,2023-05-19
566,Saanvi Shah,Male,1987-12-23,Chennai,2022-05-05
567,Meera Rao,Female,1962-11-23,Hyderabad,2025-08-09
568,Vihaan Bansal,Non-binary,2015-02-24,Kolkata,2025-12-31
569,Saanvi Yadav,Male,1975-11-13,Kolkata,2025-03-04
570,Rahul Malhotra,Female,1973-08-10,Hyderabad,2025-05-07
571,Aarav Malhotra,Female,1987-04-27,Kolkata,2024-12-20
572,Vikram Khan,Male,1953-12-26,Hyderabad,2023-05-23
573,Meera Yadav,Male,2011-02-15,Hyderabad,2022-04-25
574,Vikram Rao,Female,2020-04-16,Delhi,2026-09-28
575,Ishaan Khan,Male,2017-04-30,Kolkata,2026-02-20
576,Vikram Bansal,Male,1976-07-20,Delhi,2025-03-08
577,Vikram Kapoor,Male,2017-09-15,Jaipur,2024-10-05
578,Ishaan Singh,Female,1950-01-15,Hyderabad,2023-04-22
579,Aarav Verma,Female,1974-10-06,Hyderabad,2025-06-11
580,Diya Nair,Male,2016-12-27,Kolkata,2026-09-26
581,Aditi Bansal,Female,2008-03-22,Chennai,2022-10-18
582,Sara Patel,Male,1978-07-08,Mumbai,2025-12-13
583,Vikram Gupta,Female,1973-12-11,Delhi,2022-10-07
584,Riya Singh,Male,1960-08-18,Kolkata,2025-12-19
585,Kavya Jain,Female,2010-11-07,Jaipur,2025-11-11
586,Diya Jain,Male,2007-12-25,Mumbai,2025-03-19
587,Vikram Chopra,Female,1973-07-20,Hyderabad,2026-07-15
588,Vikram Gupta,Male,1957-08-14,Chennai,2023-11-10
589,Kavya Patel,Non-binary,1960-01-24,Chennai,2025-07-26
590,Nikhil Sharma,Female,1963-10-24,Chennai,2023-05-27
591,Priya Malhotra,Male,2009-08-19,Bengaluru,2022-01-03
592,Rahul Sharma,Male,1959-12-04,Pune,2024-04-27
593,Rahul Patel,Male,1954-02-06,Pune,2026-08-25
594,Vikram Khan,Female,1951-08-13,Bengaluru,2026-06-25
595,Neha Bansal,Female,1954-05-25,Kolkata,2022-06-01
596,Ishaan Rao,Female,1951-09-24,Chennai,2025-01-25
597,Nikhil Singh,Male,1983-09-12,Delhi,2025-08-31
598,Zoya Shah,Female,1954-02-01,Hyderabad,2023-11-10
599,Kabir Shah,Male,2009-10-11,Jaipur,2026-02-03
600,Neha Mehta,Female,1949-06-15,Pune,2024-03-15
601,Diya Chopra,Female,1983-05-13,Jaipur,2022-06-29
602,Zoya Singh,Female,1947-04-24,Delhi,2023-02-28
603,Neha Das,Female,1955-05-13,Mumbai,2023-09-24
604,Saanvi Singh,Male,1968-10-10,Mumbai,2022-07-06
605,Ishaan Patel,Male,1978-02-21,Pune,2023-01-18
606,Aditi Malhotra,Female,1968-08-19,Jaipur,2023-04-09
607,Vikram Chopra,Female,2007-06-26,Chennai,2025-09-28
608,Ananya Patel,Male,1982-02-21,Hyderabad,2026-03-30
609,Vihaan Chopra,Male,2018-06-04,Mumbai,2024-12-06
610,Vihaan Singh,Male,1966-02-21,Jaipur,2024-09-02
611,Ananya Rao,Male,2009-01-31,Delhi,2022-03-13
612,Arjun Sharma,Female,1959-12-31,Hyderabad,2023-03-10
613,Diya Chopra,Female,2006-04-15,Hyderabad,2024-06-10
614,Diya Malhotra,Female,2010-03-26,Chennai,2026-07-12
615,Ananya Rao,Male,1994-07-12,Jaipur,2023-10-30
616,Sara Sharma,Male,1946-02-10,Mumbai,2026-05-30
617,Arjun Shah,Female,1995-11-01,Chennai,2025-04-19
618,Arjun Gupta,Male,1993-01-20,Mumbai,2023-12-06
619,Meera Rao,Male,1996-04-27,Pune,2025-06-01
620,Aditi Jain,Female,1957-11-27,Mumbai,2025-06-20
621,Aditi Rao,Male,1974-09-28,Hyderabad,2025-11-15
622,Aditi Singh,Male,1978-06-01,Kolkata,2022-02-11
623,Neha Mehta,Female,1989-02-08,Chennai,2025-11-26
624,Kavya Iyer,Female,2011-09-22,Kolkata,2024-06-26
625,Meera Shah,Male,1953-01-04,Pune,2023-01-20
626,Kabir Shah,Male,2013-02-20,Kolkata,2024-11-23
627,Aditi Verma,Male,1950-11-21,Mumbai,2023-09-30
628,Diya Verma,Male,1947-08-07,Hyderabad,2022-12-22
629,Kabir Chopra,Female,1985-12-13,Kolkata,2022-04-14
630,Kabir Malhotra,Female,1986-08-25,Mumbai,2024-10-31
631,Arjun Bansal,Female,1988-11-07,Pune,2025-05-01
632,Ishaan Singh,Male,1976-05-18,Delhi,2023-12-07
633,Meera Das,Female,1979-09-06,Delhi,2022-04-12
634,Vikram Kapoor,Male,2003-01-30,Hyderabad,2023-04-07
635,Meera Shah,Male,2015-01-02,Bengaluru,2026-04-21
636,Saanvi Iyer,Male,1998-12-07,Bengaluru,2026-06-29
637,Kavya Malhotra,Male,1972-05-28,Jaipur,2025-12-30
638,Riya Rao,Male,1986-03-07,Hyderabad,2023-06-01
639,Rohan Mehta,Male,2018-12-15,Mumbai,2025-07-01
640,Vikram Gupta,Female,2004-06-04,Kolkata,2026-09-24
641,Vihaan Mehta,Female,1954-09-13,Chennai,2024-09-13
642,Nikhil Malhotra,Male,1969-11-03,Jaipur,2023-06-19
643,Kabir Iyer,Male,1966-07-24,Mumbai,2022-04-27
644,Nikhil Iyer,Male,2003-10-20,Jaipur,2024-10-15
645,Meera Shah,Female,2011-02-05,Hyderabad,2022-03-14
646,Nikhil Khan,Male,2002-04-08,Pune,2026-05-27
647,Priya Verma,Female,1960-04-02,Delhi,2026-09-18
648,Neha Gupta,Female,2011-06-22,Delhi,2023-06-14
649,Nikhil Das,Female,1965-01-14,Jaipur,2026-03-05
650,Riya Nair,Female,1997-07-14,Pune,2023-08-26
651,Arjun Singh,Female,2001-11-30,Chennai,2025-04-10
652,Saanvi Kapoor,Male,2006-01-26,Jaipur,2024-02-21
653,Riya Chopra,Male,1958-07-12,Hyderabad,2022-10-09
654,Nikhil Shah,Non-binary,1986-01-19,Kolkata,2022-10-21
655,Ishaan Das,Female,2001-08-12,Kolkata,2022-12-29
656,Aditi Bansal,Female,1963-10-15,Delhi,2026-04-08
657,Vikram Jain,Female,2013-07-03,Chennai,2026-05-16
658,Diya Shah,Male,1981-03-11,Pune,2024-05-28
659,Rahul Bansal,Female,1962-11-22,Kolkata,2026-02-05
660,Aarav Nair,Male,1992-08-22,Bengaluru,2023-01-26
661,Aarav Khan,Female,1975-11-23,Delhi,2023-10-02
662,Arjun Rao,Male,1972-06-18,Chennai,2022-12-09
663,Aditi Mehta,Male,1985-11-26,Kolkata,2026-01-30
664,Riya Iyer,Female,1988-12-23,Hyderabad,2024-01-06
665,Ishaan Rao,Female,1965-02-15,Delhi,2026-01-29
666,Kabir Bansal,Male,1960-02-29,Kolkata,2022-09-10
667,Aditi Rao,Male,1967-12-13,Bengaluru,2026-04-29
668,Zoya Chopra,Male,2003-08-21,Bengaluru,2026-09-09
669,Aditi Gupta,Female,1979-02-12,Jaipur,2022-09-11
670,Saanvi Iyer,Female,2006-07-10,Bengaluru,2025-07-14
671,Neha Shah,Male,2004-06-08,Jaipur,2024-12-01
672,Zoya Iyer,Female,1954-05-31,Chennai,2024-11-13
673,Neha Gupta,Male,1989-08-27,Hyderabad,2023-02-11
674,Meera Verma,Male,1977-02-10,Mumbai,2025-12-11
675,Neha Jain,Female,1989-07-13,Pune,2023-03-02
676,Nikhil Khan,Female,2005-04-04,Chennai,2022-07-02
677,Vikram Singh,Female,1953-01-30,Chennai,2026-05-16
678,Arjun Malhotra,Male,1985-12-23,Jaipur,2023-08-30
679,Rohan Chopra,Female,1960-09-03,Jaipur,2022-03-22
680,Priya Nair,Female,1955-05-26,Bengaluru,2022-07-14
681,Aarav Iyer,Male,1960-04-19,Kolkata,2023-11-05
682,Rohan Malhotra,Male,1953-05-04,Kolkata,2024-02-03
683,Ishaan Gupta,Female,1985-12-16,Mumbai,2023-07-11
684,Saanvi Shah,Male,2016-06-30,Chennai,2022-12-08
685,Diya Chopra,Non-binary,2020-10-01,Chennai,2022-11-23
686,Riya Singh,Male,2005-11-11,Delhi,2024-06-16
687,Zoya Rao,Male,1999-11-06,Delhi,2022-03-01
688,Saanvi Singh,Female,1981-11-24,Bengaluru,2024-06-21
689,Ananya Malhotra,Male,1946-02-10,Hyderabad,2025-12-13
690,Nikhil Verma,Male,2007-11-08,Chennai,2025-06-20
691,Riya Khan,Female,2004-07-18,Mumbai,2025-10-17
692,Diya Yadav,Male,1999-12-27,Bengaluru,2022-04-22
693,Ishaan Verma,Male,1989-06-26,Chennai,2022-12-05
694,Saanvi Nair,Female,1969-12-15,Hyderabad,2022-04-14
695,Vihaan Rao,Female,1966-01-31,Pune,2022-06-11
696,Rohan Sharma,Female,1989-09-20,Kolkata,2024-07-04
697,Arjun Singh,Male,1946-08-06,Mumbai,2022-07-30
698,Riya Chopra,Male,1945-01-06,Chennai,2026-08-19
699,Zoya Mehta,Male,1995-06-14,Pune,2023-02-28
700,Nikhil Patel,Male,2018-04-05,Pune,2023-04-02
701,Nikhil Yadav,Male,1998-10-29,Kolkata,2024-08-26
702,Rohan Gupta,Female,2004-02-12,Bengaluru,2023-03-31
703,Nikhil Patel,Male,2016-10-06,Kolkata,2023-08-21
704,Arjun Chopra,Male,1989-03-06,Mumbai,2022-10-15
705,Arjun Malhotra,Male,1961-10-29,Mumbai,2022-09-05
706,Kabir Sharma,Male,1962-02-05,Kolkata,2026-01-07
707,Arjun Shah,Female,2001-10-24,Chennai,2026-09-12
708,Rohan Sharma,Male,1990-03-27,Pune,2022-10-03
709,Aarav Verma,Male,1994-08-20,Pune,2024-06-05
710,Sara Jain,Male,1960-07-31,Delhi,2026-02-05
711,Arjun Rao,Male,1999-05-20,Mumbai,2023-10-22
712,Riya Khan,Female,1975-10-05,Pune,2023-08-26
713,Diya Iyer,Female,2007-10-21,Jaipur,2026-03-13
714,Vihaan Nair,Male,1994-08-31,Hyderabad,2025-07-19
715,Kabir Kapoor,Male,1971-01-26,Kolkata,2025-11-07
716,Diya Jain,Male,2007-04-17,Kolkata,2025-07-28
717,Arjun Patel,Male,1997-04-15,Mumbai,2025-03-14
718,Vihaan Mehta,Male,1982-11-23,Bengaluru,2026-07-14
719,Sara Gupta,Female,1958-01-15,Bengaluru,2022-04-19
720,Kabir Malhotra,Male,1959-06-10,Jaipur,2023-08-10
721,Diya Chopra,Male,1971-06-25,Bengaluru,2023-02-22
722,Priya Sharma,Female,2005-08-09,Hyderabad,2026-02-23
723,Vihaan Rao,Female,2015-05-14,Jaipur,2026-06-20
724,Aditi Rao,Female,2015-09-15,Kolkata,2025-11-04
725,Vihaan Chopra,Female,1967-07-20,Pune,2023-02-20
726,Kavya Patel,Male,1994-01-15,Hyderabad,2026-02-21
727,Kabir Mehta,Female,2006-03-31,Delhi,2022-06-02
728,Ishaan Verma,Female,1948-08-24,Jaipur,2024-05-27
729,Vihaan Malhotra,Female,1997-05-24,Jaipur,2026-09-29
730,Aarav Nair,Female,1958-11-21,Delhi,2022-03-23
731,Nikhil Chopra,Male,2001-02-08,Jaipur,2025-06-14
732,Saanvi Yadav,Female,2015-05-05,Kolkata,2025-12-20
733,Sara Khan,Male,1991-09-16,Delhi,2022-05-20
734,Riya Yadav,Male,1953-04-01,Hyderabad,2023-12-17
735,Kabir Nair,Female,1971-05-04,Pune,2023-03-24
736,Vihaan Bansal,Female,1976-01-16,Hyderabad,2024-07-01
737,Zoya Khan,Male,2006-03-27,Mumbai,2023-10-20
738,Arjun Rao,Female,2009-12-14,Bengaluru,2023-08-03
739,Sara Patel,Male,1990-08-23,Pune,2024-07-01
740,Aditi Mehta,Male,1962-04-10,Chennai,2023-10-19
741,Arjun Jain,Male,2014-05-19,Bengaluru,2025-01-06
742,Ananya Kapoor,Male,2014-05-27,Mumbai,2023-03-13
743,Arjun Kapoor,Male,2008-01-18,Mumbai,2026-02-27
744,Ananya Iyer,Female,2009-04-25,Bengaluru,2023-11-11
745,Ananya Das,Female,2016-04-02,Chennai,2023-05-31
746,Vikram Khan,Male,1981-07-28,Pune,2024-03-05
747,Rahul Shah,Female,1979-12-12,Chennai,2025-10-10
748,Vihaan Bansal,Male,2000-06-23,Bengaluru,2022-05-10
749,Ananya Patel,Male,1954-07-10,Jaipur,2023-08-17
750,Zoya Das,Female,1984-04-07,Mumbai,2024-02-21
751,Aarav Singh,Female,1964-09-22,Mumbai,2022-10-07
752,Vihaan Mehta,Male,1957-12-05,Kolkata,2023-09-03
753,Aarav Yadav,Male,1957-09-07,Bengaluru,2022-09-10
754,Aarav Rao,Male,1952-08-21,Hyderabad,2023-09-17
755,Priya Kapoor,Female,2002-12-13,Delhi,2024-11-15
756,Ishaan Jain,Female,2019-11-22,Hyderabad,2023-06-02
757,Arjun Jain,Male,1995-11-24,Pune,2022-04-22
758,Vihaan Das,Female,1951-01-17,Chennai,2023-05-29
759,Kabir Singh,Male,1977-01-15,Hyderabad,2022-09-20
760,Arjun Mehta,Male,1962-05-12,Pune,2023-10-13
761,Rohan Nair,Male,1972-06-04,Delhi,2025-11-21
762,Vikram Patel,Male,1983-06-05,Bengaluru,2022-12-12
763,Nikhil Khan,Male,2008-11-23,Mumbai,2026-02-24
764,Meera Patel,Female,2010-10-05,Pune,2023-11-11
765,Rohan Sharma,Female,1972-05-28,Chennai,2024-09-24
766,Ishaan Das,Male,2019-02-22,Hyderabad,2022-10-14
767,Meera Das,Male,1946-09-03,Bengaluru,2024-11-04
768,Vikram Rao,Male,1964-02-02,Jaipur,2022-03-17
769,Vihaan Yadav,Female,2014-07-19,Kolkata,2022-11-01
770,Rahul Khan,Male,1997-11-24,Jaipur,2026-02-10
771,Diya Sharma,Male,1953-02-15,Kolkata,2024-03-23
772,Sara Bansal,Male,2017-05-11,Delhi,2025-06-11
773,Sara Iyer,Female,1961-01-27,Delhi,2025-03-05
774,Saanvi Patel,Female,2013-04-25,Hyderabad,2024-09-25
775,Ananya Malhotra,Female,1948-11-03,Hyderabad,2025-10-01
776,Sara Patel,Female,1985-10-15,Bengaluru,2022-04-06
777,Nikhil Gupta,Male,1991-10-11,Jaipur,2025-07-21
778,Meera Yadav,Male,1978-10-17,Mumbai,2025-08-31
779,Priya Das,Male,1978-10-06,Mumbai,2023-04-02
780,Priya Patel,Female,1988-04-02,Bengaluru,2025-05-22
781,Sara Iyer,Female,1965-08-20,Jaipur,2022-06-07
782,Kabir Iyer,Female,1977-07-01,Chennai,2025-05-17
783,Kavya Shah,Male,2009-08-14,Pune,2022-08-21
784,Saanvi Singh,Female,1959-06-20,Mumbai,2025-08-18
785,Aarav Khan,Female,1996-06-14,Delhi,2025-04-28
786,Diya Verma,Female,1996-05-05,Bengaluru,2022-10-28
787,Ishaan Malhotra,Male,1991-05-09,Bengaluru,2024-04-10
788,Neha Das,Female,1999-06-01,Pune,2024-08-23
789,Ishaan Khan,Male,1998-11-27,Delhi,2022-10-20
790,Zoya Verma,Female,2009-12-21,Kolkata,2025-11-05
791,Rohan Das,Female,1979-08-01,Chennai,2022-09-28
792,Aarav Kapoor,Male,1990-04-01,Mumbai,2025-11-02
793,Diya Gupta,Female,2000-02-26,Bengaluru,2025-05-13
794,Vihaan Verma,Male,1953-05-12,Delhi,2024-09-14
795,Zoya Yadav,Male,2014-07-08,Mumbai,2025-10-21
796,Sara Shah,Female,1948-11-24,Mumbai,2025-11-29
797,Kavya Singh,Male,1979-03-16,Chennai,2023-12-19
798,Riya Iyer,Female,2013-09-16,Chennai,2023-04-22
799,Neha Yadav,Female,1961-12-16,Bengaluru,2022-01-12
800,Vikram Verma,Female,1945-08-24,Hyderabad,2024-02-08
801,Nikhil Shah,Female,1958-11-20,Jaipur,2024-05-22
802,Meera Yadav,Female,1977-10-21,Jaipur,2025-06-07
803,Rahul Kapoor,Female,2015-04-27,Pune,2025-02-15
804,Ishaan Patel,Male,1988-05-26,Jaipur,2023-06-04
805,Vikram Patel,Male,1980-09-19,Delhi,2026-02-15
806,Arjun Khan,Female,2007-09-28,Chennai,2022-11-28
807,Kabir Verma,Female,1975-05-13,Bengaluru,2026-06-29
808,Ishaan Rao,Male,1945-06-23,Chennai,2026-07-06
809,Diya Singh,Male,1984-01-23,Chennai,2022-06-30
810,Meera Khan,Female,1999-08-22,Mumbai,2022-03-19
811,Rahul Verma,Female,1998-08-08,Delhi,2022-04-28
812,Saanvi Sharma,Female,2003-12-07,Jaipur,2026-07-05
813,Kabir Chopra,Male,1990-10-21,Hyderabad,2024-11-22
814,Zoya Jain,Male,1977-04-10,Bengaluru,2023-05-05
815,Ishaan Das,Non-binary,2014-12-13,Kolkata,2024-03-29
816,Rahul Rao,Male,1991-06-14,Chennai,2022-02-01
817,Ananya Yadav,Female,2019-06-11,Kolkata,2025-02-19
818,Priya Malhotra,Female,1962-06-15,Mumbai,2024-07-20
819,Vikram Bansal,Female,1981-07-11,Chennai,2024-11-02
820,Vihaan Das,Male,1975-07-03,Jaipur,2022-08-28
821,Vihaan Malhotra,Male,1978-10-31,Pune,2025-02-27
822,Kavya Nair,Male,1986-03-02,Pune,2025-10-27
823,Vikram Bansal,Female,1968-02-18,Mumbai,2022-05-19
824,Kavya Khan,Male,1982-01-01,Bengaluru,2023-12-25
825,Meera Khan,Female,1980-10-16,Kolkata,2025-10-11
826,Ananya Yadav,Male,1987-10-03,Kolkata,2023-10-05
827,Kabir Malhotra,Female,2011-12-11,Hyderabad,2025-10-31
828,Saanvi Kapoor,Female,1966-09-19,Hyderabad,2023-06-28
829,Kavya Kapoor,Male,2020-01-13,Kolkata,2025-06-20
830,Diya Gupta,Female,1952-01-16,Pune,2025-10-16
831,Zoya Bansal,Male,1993-07-31,Pune,2022-03-28
832,Priya Nair,Male,1996-07-17,Pune,2023-07-17
833,Ishaan Verma,Female,1964-12-04,Delhi,2026-03-17
834,Aditi Verma,Male,1987-11-30,Bengaluru,2025-01-12
835,Sara Patel,Female,2006-07-29,Delhi,2026-05-09
836,Rohan Gupta,Male,1986-04-11,Bengaluru,2023-10-09
837,Aarav Kapoor,Female,1954-01-15,Kolkata,2023-10-29
838,Zoya Malhotra,Female,1968-08-01,Jaipur,2023-05-01
839,Saanvi Nair,Female,1989-09-30,Hyderabad,2024-05-18
840,Riya Patel,Female,1980-12-09,Pune,2023-07-27
841,Ishaan Iyer,Male,2006-07-19,Chennai,2023-04-14
842,Meera Khan,Male,1979-03-04,Delhi,2023-02-06
843,Diya Singh,Male,1960-11-05,Pune,2024-05-13
844,Diya Verma,Male,1973-04-29,Pune,2026-05-28
845,Neha Malhotra,Male,1995-12-11,Mumbai,2022-04-08
846,Arjun Jain,Female,2018-01-05,Pune,2023-06-05
847,Arjun Sharma,Male,1968-04-22,Kolkata,2024-01-10
848,Vihaan Yadav,Male,1968-02-14,Bengaluru,2023-12-06
849,Riya Gupta,Female,2005-12-20,Hyderabad,2025-05-25
850,Vikram Yadav,Female,2015-01-03,Kolkata,2023-08-06
851,Nikhil Verma,Female,2011-01-29,Chennai,2024-07-04
852,Rahul Mehta,Female,1957-12-30,Kolkata,2022-12-10
853,Riya Rao,Male,1951-05-27,Delhi,2022-06-12
854,Nikhil Khan,Female,2003-08-02,Jaipur,2023-08-20
855,Zoya Rao,Female,1984-11-30,Kolkata,2026-05-19
856,Vikram Verma,Male,1982-02-21,Delhi,2022-12-09
857,Aarav Iyer,Male,2004-05-24,Chennai,2023-05-31
858,Kabir Jain,Female,1953-07-29,Pune,2022-05-11
859,Vihaan Chopra,Female,1980-08-14,Chennai,2024-12-09
860,Arjun Malhotra,Male,1952-07-25,Mumbai,2025-09-03
861,Neha Khan,Female,1970-06-30,Delhi,2024-06-26
862,Diya Verma,Male,1947-07-26,Kolkata,2022-03-13
863,Nikhil Singh,Female,1993-07-01,Pune,2023-07-12
864,Diya Yadav,Female,1998-08-12,Mumbai,2024-07-24
865,Sara Yadav,Female,1976-02-24,Hyderabad,2024-09-13
866,Ananya Sharma,Female,1981-12-25,Delhi,2023-06-17
867,Neha Bansal,Female,2018-02-25,Delhi,2026-04-02
868,Priya Mehta,Female,1945-09-30,Pune,2025-11-09
869,Saanvi Mehta,Female,1983-08-14,Jaipur,2026-06-23
870,Zoya Khan,Male,1994-03-08,Hyderabad,2024-02-05
871,Riya Yadav,Female,1967-06-03,Mumbai,2022-12-01
872,Rahul Khan,Female,1982-11-18,Hyderabad,2025-07-04
873,Sara Malhotra,Female,2011-08-27,Jaipur,2024-12-25
874,Riya Kapoor,Male,1961-05-14,Jaipur,2022-10-07
875,Arjun Sharma,Male,1969-06-01,Pune,2025-12-05
876,Kabir Nair,Female,1949-06-15,Bengaluru,2024-12-31
877,Ishaan Gupta,Female,1956-03-21,Pune,2026-01-04
878,Aarav Khan,Female,1946-04-28,Hyderabad,2024-10-07
879,Nikhil Shah,Female,2016-09-21,Kolkata,2024-10-17
880,Rohan Chopra,Female,2020-09-05,Delhi,2026-03-18
881,Aditi Malhotra,Male,1951-05-29,Pune,2025-01-17
882,Ishaan Kapoor,Male,1967-06-09,Mumbai,2026-08-01
883,Aarav Gupta,Male,2009-02-12,Mumbai,2023-05-25
884,Rohan Khan,Male,1948-01-04,Pune,2023-02-12
885,Arjun Verma,Male,1963-09-14,Mumbai,2024-08-26
886,Neha Nair,Female,2010-05-02,Chennai,2022-03-28
887,Meera Singh,Male,1962-10-30,Bengaluru,2024-01-09
888,Kabir Gupta,Female,1983-12-14,Bengaluru,2023-10-27
889,Ishaan Malhotra,Male,1980-07-05,Hyderabad,2026-06-05
890,Aarav Chopra,Male,2006-12-21,Delhi,2024-08-31
891,Priya Das,Female,1989-11-07,Kolkata,2022-07-07
892,Aditi Chopra,Female,1958-10-23,Chennai,2025-12-07
893,Diya Singh,Female,1995-02-04,Kolkata,2026-06-03
894,Rohan Kapoor,Female,1978-11-22,Delhi,2024-01-04
895,Meera Chopra,Female,1984-04-02,Jaipur,2025-02-18
896,Vihaan Singh,Female,1961-09-29,Kolkata,2025-01-18
897,Nikhil Sharma,Female,2019-08-02,Delhi,2025-05-11
898,Ananya Verma,Female,1971-07-12,Jaipur,2026-08-06
899,Vihaan Patel,Female,2014-08-12,Mumbai,2025-07-30
900,Ishaan Bansal,Male,1977-08-31,Hyderabad,2026-05-09
901,Nikhil Das,Male,1993-05-09,Mumbai,2026-08-05
902,Kabir Verma,Male,2013-09-12,Delhi,2025-02-03
903,Zoya Mehta,Female,2002-07-02,Chennai,2023-10-22
904,Arjun Verma,Male,1948-12-05,Delhi,2026-09-07
905,Ishaan Chopra,Female,1988-07-18,Chennai,2023-01-28
906,Aditi Rao,Male,1992-03-05,Jaipur,2025-07-01
907,Aditi Patel,Female,2009-05-27,Bengaluru,2022-05-26
908,Kabir Singh,Male,2019-08-26,Pune,2022-06-13
909,Aditi Patel,Male,1982-04-26,Kolkata,2026-08-11
910,Aditi Malhotra,Male,2010-11-17,Jaipur,2022-05-25
911,Ananya Kapoor,Male,1953-09-18,Hyderabad,2022-07-27
912,Vihaan Rao,Female,1992-03-17,Hyderabad,2025-09-07
913,Vikram Jain,Male,1995-01-28,Chennai,2024-04-30
914,Vikram Patel,Male,2008-01-12,Mumbai,2025-09-24
915,Arjun Jain,Male,1994-05-05,Kolkata,2024-04-02
916,Ishaan Yadav,Non-binary,1984-09-29,Kolkata,2023-12-23
917,Vihaan Nair,Male,1981-12-29,Mumbai,2026-04-15
918,Nikhil Khan,Male,1964-03-11,Jaipur,2024-02-08
919,Priya Sharma,Female,1980-08-16,Bengaluru,2022-01-01
920,Neha Bansal,Male,1972-01-30,Jaipur,2022-01-14
921,Kavya Kapoor,Male,1946-12-13,Jaipur,2026-04-30
922,Vihaan Verma,Male,1996-04-13,Chennai,2022-11-13
923,Aditi Sharma,Female,1957-06-02,Kolkata,2023-06-27
924,Vikram Khan,Female,2017-10-07,Chennai,2023-09-08
925,Vikram Rao,Male,1964-07-04,Chennai,2026-02-12
926,Nikhil Singh,Female,2019-01-29,Chennai,2025-11-13
927,Zoya Mehta,Female,2017-07-09,Mumbai,2025-03-26
928,Ananya Chopra,Male,1975-01-01,Mumbai,2023-12-14
929,Riya Gupta,Male,1965-05-05,Bengaluru,2026-03-12
930,Rahul Chopra,Female,1948-09-11,Delhi,2023-10-16
931,Nikhil Verma,Male,1958-09-29,Mumbai,2022-04-14
932,Rohan Verma,Female,1983-10-02,Mumbai,2023-08-17
933,Diya Iyer,Female,1987-09-10,Bengaluru,2025-03-16
934,Vihaan Rao,Female,1980-10-02,Mumbai,2024-10-24
935,Diya Iyer,Female,1962-10-10,Mumbai,2024-09-26
936,Vikram Kapoor,Male,2011-01-01,Hyderabad,2024-12-09
937,Kavya Das,Female,1983-08-02,Chennai,2023-10-25
938,Arjun Shah,Female,1976-04-01,Kolkata,2023-01-26
939,Priya Bansal,Male,1960-03-09,Pune,2023-12-18
940,Zoya Iyer,Female,2018-05-27,Hyderabad,2023-04-24
941,Priya Iyer,Male,1952-09-12,Bengaluru,2022-08-19
942,Kavya Iyer,Male,2018-07-31,Bengaluru,2023-08-13
943,Nikhil Gupta,Female,1987-04-10,Kolkata,2022-02-16
944,Kabir Yadav,Female,1994-01-09,Jaipur,2024-12-07
945,Vihaan Singh,Male,1957-09-06,Bengaluru,2025-11-24
946,Rahul Verma,Female,1960-04-13,Jaipur,2022-05-04
947,Kabir Malhotra,Female,2003-09-29,Chennai,2022-01-18
948,Rahul Malhotra,Male,2004-03-22,Chennai,2024-01-08
949,Aarav Mehta,Male,2003-04-06,Hyderabad,2024-03-02
950,Rahul Verma,Male,1953-12-08,Pune,2023-10-09
951,Zoya Yadav,Female,1962-11-04,Pune,2024-10-22
952,Vihaan Bansal,Female,1992-06-30,Kolkata,2023-09-17
953,Saanvi Rao,Male,1946-08-26,Kolkata,2023-12-12
954,Priya Mehta,Female,1989-12-21,Bengaluru,2023-07-19
955,Meera Rao,Male,2018-02-08,Jaipur,2022-03-02
956,Kavya Iyer,Female,1980-03-30,Delhi,2025-09-07
957,Ananya Rao,Male,2005-10-29,Hyderabad,2025-06-08
958,Riya Khan,Male,1983-04-06,Kolkata,2023-10-02
959,Rohan Yadav,Female,2003-07-16,Hyderabad,2022-10-11
960,Diya Mehta,Male,1991-12-30,Mumbai,2022-10-04
961,Diya Jain,Female,1995-01-01,Chennai,2024-12-27
962,Ishaan Nair,Male,1958-01-21,Bengaluru,2026-01-29
963,Nikhil Shah,Male,1972-03-20,Jaipur,2024-06-26
964,Diya Kapoor,Female,1961-07-29,Jaipur,2022-02-23
965,Zoya Khan,Male,1965-09-19,Bengaluru,2025-11-08
966,Priya Das,Male,1987-10-05,Pune,2022-10-02
967,Priya Jain,Male,1989-02-02,Delhi,2024-08-28
968,Ishaan Kapoor,Female,1981-08-28,Bengaluru,2026-04-15
969,Meera Shah,Female,2005-03-25,Hyderabad,2023-02-20
970,Ananya Jain,Male,1984-05-30,Pune,2025-06-17
971,Nikhil Sharma,Male,1983-05-12,Bengaluru,2024-04-09
972,Zoya Rao,Male,1980-05-12,Bengaluru,2025-06-06
973,Sara Gupta,Female,2019-03-13,Hyderabad,2022-03-28
974,Sara Yadav,Female,2010-12-16,Mumbai,2022-03-22
975,Sara Chopra,Female,1984-06-08,Jaipur,2024-03-26
976,Neha Sharma,Female,1971-06-01,Bengaluru,2025-06-09
977,Sara Iyer,Female,2002-12-19,Chennai,2024-07-14
978,Sara Gupta,Female,1997-07-10,Delhi,2025-11-26
979,Rahul Shah,Female,1947-03-28,Pune,2023-01-02
980,Vikram Kapoor,Male,1953-02-03,Kolkata,2023-05-28
981,Ishaan Gupta,Female,2008-05-11,Kolkata,2024-07-09
982,Ananya Verma,Male,2010-03-19,Delhi,2026-06-09
983,Rahul Yadav,Female,2013-12-04,Kolkata,2022-12-16
984,Vikram Iyer,Female,1957-12-22,Bengaluru,2023-01-02
985,Riya Mehta,Female,2013-12-16,Jaipur,2024-07-02
986,Ishaan Gupta,Male,1963-03-15,Jaipur,2022-01-08
987,Aarav Sharma,Male,1989-09-26,Bengaluru,2025-01-18
988,Zoya Singh,Female,1997-10-30,Pune,2025-09-12
989,Rohan Shah,Female,1998-12-09,Bengaluru,2025-05-14
990,Kavya Yadav,Female,2001-05-26,Hyderabad,2025-02-15
991,Aditi Jain,Female,2003-08-11,Bengaluru,2023-12-16
992,Diya Chopra,Male,2020-03-08,Jaipur,2025-05-20
993,Nikhil Das,Female,1982-05-29,Delhi,2023-01-01
994,Neha Yadav,Female,1985-11-07,Kolkata,2026-03-15
995,Aditi Das,Male,1973-12-18,Mumbai,2024-01-25
996,Ananya Shah,Male,1950-10-29,Pune,2023-08-23
997,Diya Gupta,Male,1969-08-15,Mumbai,2023-11-06
998,Sara Kapoor,Male,1999-11-29,Chennai,2022-04-30
999,Vikram Verma,Non-binary,1988-05-23,Jaipur,2026-01-22
1000,Riya Nair,Female,1996-08-07,Kolkata,2025-06-30
